name,type,address,location
解放碑步行街,景点,民族路177号,"106.575329,29.557253"
洪崖洞民俗风貌区,景点,嘉陵江滨江路88号(小什字地铁站9号口步行430米),"106.579027,29.562204"
重庆市人民大礼堂,景点,人民路173号(曾家岩地铁站3号口步行240米),"106.553277,29.561674"
李子坝单轨穿楼观景平台,景点,李子坝正街62号(李子坝地铁站1号口步行110米),"106.537916,29.553629"
重庆中国三峡博物馆,景点,人民路236号,"106.550513,29.562014"
洪崖洞夜景观景台,景点,沧白路88号洪崖洞民俗风貌区11层,"106.579169,29.562321"
重庆十八梯传统风貌区,景点,中兴路1号(较场口地铁站出入口旁),"106.573042,29.551015"
山城步道,景点,中兴路234号旁,"106.566712,29.550481"
鹅岭公园,景点,鹅岭正街176号(鹅岭地铁站2A口步行360米),"106.536235,29.549688"
人民解放纪念碑,景点,邹容路133号,"106.577034,29.557204"
魁星楼,景点,临江门大唐广场17号(临江门地铁站2号口步行220米),"106.573618,29.560258"
江北嘴江滩公园,景点,金沙门路与桂花街交叉口东南120米,"106.575640,29.567497"
北仓文创街区,景点,兴塔路与建北一支路交叉口东50米,"106.538685,29.578539"
TESTBED2贰厂文创公园,景点,鹅岭正街1号,"106.540183,29.551101"
重庆珊瑚公园,景点,长江滨江路336号,"106.554387,29.549482"
重庆朝天门广场,景点,朝千路1号,"106.587866,29.566880"
罗汉寺,景点,解放碑街道罗汉寺街7号(小什字地铁站6号口旁),"106.581619,29.559756"
十八梯观景台,景点,较场口临68-17号,"106.574188,29.552407"
下浩里,景点,南滨路与东水门长江大桥交叉口东北角,"106.595746,29.557588"
周公馆,景点,上清寺中山四路曾家岩50号(曾家岩地铁站2号口步行90米),"106.550467,29.565389"
鹅岭栈桥,景点,化龙桥街道长江一路鹅颈巷8号,"106.531334,29.548709"
龙头寺公园,景点,红土地地铁站1A口步行150米,"106.554700,29.588196"
洪崖洞-大桥对面拍照打卡点,景点,汇川门路6号,"106.580639,29.568281"
钻石广场,景点,北滨二路附近,"106.569782,29.570048"
重庆长江索道,景点,"新华路151号(小什字地铁站5B口旁),上新街4号(索道南站)","106.592410,29.553272"
重庆枇杷山公园,景点,两路口街道枇杷山正街74号,"106.557882,29.553912"
湖广会馆,景点,长江滨江路芭蕉园1号,"106.586915,29.557921"
鸿恩寺森林公园,景点,鸿恩路,"106.507674,29.568621"
马鞍山堂里,景点,学田湾正街枣子垭正街交汇处(大礼堂地铁站1号口步行290米),"106.554713,29.559965"
长嘉汇弹子石老街,景点,泰昌路69号,"106.588015,29.579709"
萤火虫港湾猫猫主题公园,景点,[],"106.535656,29.529260"
龙门浩老街,景点,南滨路105号(上新街地铁站2号口步行320米),"106.594746,29.555993"
重庆白象街传统风貌区,景点,解放西路复旦中学(凯旋路校区),"106.579679,29.551644"
临江门,景点,临江路35号(临江门地铁站2号口步行250米),"106.573396,29.559336"
重庆小渡,景点,嘉陵江滨江路与洪崖门地下道交叉口东北120米,"106.576752,29.562299"
两江小渡,景点,嘉陵江滨江路98号,"106.576551,29.562407"
戴家巷崖壁步道,景点,嘉陵江临江路,"106.576617,29.561696"
佛图关公园,景点,长江一路鹅颈巷8号,"106.526914,29.547599"
长江艺术广场,景点,南滨路千佛寺旁,"106.591963,29.572684"
重庆新天地,景点,瑞天路156号,"106.509397,29.553246"
山城巷传统风貌区,景点,七星岗街道南区路与中兴路交叉口东北50米,"106.568822,29.550114"
老君洞道观,景点,崇文路彩瑞苑对面,"106.602082,29.542263"
通远门城墙遗址公园,景点,金汤街53号(七星岗地铁站1号口步行430米),"106.567734,29.555908"
通远门段城门及城墙,景点,和平路和金汤街交汇处(七星岗地铁站1号口步行390米),"106.567319,29.555454"
重庆大轰炸遗址群“六·五”隧道惨案遗址,景点,较场口87号附4号得意世界1层(较场口地铁站9号口步行150米),"106.575725,29.553863"
重庆滨江公园,景点,南纪门街道长江滨江路,"106.572272,29.548090"
重庆市江北嘴中央商务区中央公园,景点,黄花园大桥北桥头江北嘴中央商务区,"106.576041,29.572204"
桂园,景点,上清寺中山四路65号(求精中学旁),"106.547056,29.562864"
邹容广场,景点,邹容路151号(临江门地铁站出入口步行110米),"106.573356,29.558754"
观音桥步行街中心广场,景点,观音桥地铁站5号口旁,"106.531915,29.574384"
溉澜溪体育公园,景点,泰山大道东段与知行路交叉口西南260米,"106.566091,29.603745"
重庆南山风景区,景点,南山公园路101号,"106.616651,29.557991"
人民公园,景点,重庆市朝天门街道公园路1号(小什字地铁站5A口步行300米),"106.581235,29.555152"
李子坝抗战遗址公园,景点,李子坝正街60-62号(李子坝地铁站1号口步行300米),"106.534901,29.551892"
江北a~台,景点,北滨一路与培唐路交叉口东80米,"106.534738,29.556639"
南滨路钟楼,景点,涂山镇南滨路千佛寺旁,"106.591817,29.572515"
曾家岩临崖步道,景点,曾家岩隧道与曾家岩嘉陵江大桥交叉口西300米,"106.546826,29.565260"
重庆动物园,景点,西郊一村1号,"106.505799,29.504023"
黄桷垭老街,景点,崇文路12号,"106.602521,29.537306"
江北北仓文化创意园,景点,重庆市观音桥街道北仓文创街区,"106.538232,29.578697"
南山一棵树景区,景点,南山风景区内,"106.602505,29.545316"
南坪步行街,景点,花园路街道惠工路庆隆花园258号,"106.564226,29.525743"
重庆开埠遗址公园,景点,马鞍山56号,"106.593058,29.551026"
重庆人民广场,景点,人民路173号,"106.552230,29.561846"
半山崖线,景点,重庆市大坪街道经纬大道与石油路交叉口西北角,"106.519192,29.545296"
重庆欢乐海底世界,景点,化龙桥重庆天地企业天地2号楼1层,"106.515993,29.550802"
后堡公园,景点,南坪街道南坪正街83号,"106.570935,29.539383"
江北嘴中央广场,景点,江北城街道江北城街道江北城街道江北城街道东升门路与庆云路交叉口西南100米,"106.573236,29.574470"
绿色星球动物主题公园,景点,江北城北大街24号,"106.573239,29.574574"
相国寺滨江公园,景点,北滨一路与金砂支路交叉口西南100米,"106.531942,29.555378"
天之椒子,景点,观音桥(观音桥地铁站5号口步行110米),"106.532404,29.574983"
曼哈顿广场,景点,建新东路339号,"106.560909,29.582462"
嘉陵江石滩,景点,江北嘴江滩公园内(东侧),"106.576927,29.567251"
海盗街(洪崖洞异国美食街店),景点,纸盐河街37号重庆洪崖洞10层,"106.578192,29.561999"
美心文创乐园,景点,海峡路(南湖地铁站4号口步行450米),"106.551165,29.517426"
瞰胜楼,景点,鹅岭正街176号鹅岭公园内(东侧),"106.538354,29.549905"
天台131高空观景平台,景点,邹容路世贸大厦56楼至天台(临江门地铁站2号口步行110米),"106.574433,29.557756"
野水沟记忆老街,景点,三钢二路8号城市经典,"106.541010,29.571008"
下浩里观景打卡平台,景点,南滨路107号,"106.595840,29.558323"
嘉陵公园,景点,观音桥街道建新西路4号附1号,"106.530454,29.573430"
红岩革命历史博物馆,景点,红岩村52号,"106.499192,29.553961"
中山四路历史文化街区,景点,中山四路渝中大厦(牛角沱地铁站3号口步行470米),"106.546783,29.561194"
龙头寺,景点,黄泥磅龙头路86号,"106.544457,29.591628"
观音桥圆形广场,景点,观音桥步行街与观音桥东环路交叉口东南80米,"106.531892,29.575057"
福音堂,景点,江北城隧道重庆市江北嘴中央商务区中央公园,"106.576794,29.572136"
慈云老街,景点,南滨路东侧,"106.594125,29.567303"
重庆儿童公园,景点,鸿恩路25正对面,"106.518271,29.573309"
重庆两江游旅游码头,景点,嘉陵江滨江路94号,"106.577716,29.562526"
关岳庙,景点,化龙桥街道李子坝坡137号,"106.520700,29.547483"
雅巴洞江滩公园,景点,丹龙路与青龙路交叉口西220米,"106.539842,29.515140"
滨江公园,景点,长江滨江路230号,"106.568174,29.549223"
鸿恩阁,景点,鸿恩寺公园内,"106.506675,29.566422"
观音桥商圈都市旅游区,景点,观音桥地铁站5号口步行270米,"106.52959,29.573039"
重庆南山植物园,景点,南山公园路101号,"106.628035,29.555413"
慈云寺,景点,南滨路,"106.594786,29.565846"
重庆长江索道北站,景点,解放碑街道新华路151号(小什字地铁站5B口旁)上新街4号重庆长江索道,"106.582889,29.557845"
揽胜亭,景点,桂花园94号旁,"106.540525,29.556015"
黄葛古道,景点,黄桷垭正街,"106.596874,29.540940"
重庆南滨公园,景点,南滨路南滨公园(近喜来登大酒店),"106.585853,29.544303"
一厂影视园,景点,枇杷山后街79-81号3栋2层,"106.559504,29.551760"
朝天门九号码头重庆两江夜游-金碧系列,景点,朝天门9号码头金碧皇宫.金碧女王游船,"106.589357,29.564409"
磁器口古镇,景点,磁南街1号,"106.449705,29.581184"
开往春天的列车打卡地,景点,李子坝正街170-附2号,"106.521470,29.546168"
WFC-会仙楼观景台,景点,民族路188号环球金融中心73-75层,"106.577898,29.559095"
重庆市弹子石广场,景点,重庆市弹子石街道弹子石街道南滨路呼归石车站,"106.587632,29.576233"
海棠烟雨公园,景点,重庆市海棠溪街道南滨路海棠溪,"106.587149,29.545065"
九龙滩广场,景点,谢家湾街道九滨路11号,"106.527257,29.523985"
仁爱堂,景点,重庆市南纪门街道山城巷80号,"106.566387,29.550715"
星光68广场Starry Ocean星光海底世界,景点,星光68广场,"106.530732,29.579155"
红岩革命纪念馆,景点,富华路31号,"106.497421,29.551553"
照母山森林公园,景点,金开大道西段88号,"106.511458,29.628035"
明玉珍皇帝陵陈列馆,景点,江北嘴中央商务区中央公园(江北城地铁站3号口步行430米),"106.575875,29.572825"
都市广场,景点,临江路(临江门地铁站2号口步行100米),"106.574878,29.559435"
天主教重庆总教区若瑟堂主教座堂天主堂,景点,民生路若瑟堂巷1号(近新华社旧址),"106.569721,29.557604"
时光里枣子岚垭步道(名仕城店),景点,大溪沟街道枣张路9号(七星岗地铁站3号口步行110米),"106.558688,29.556262"
下浩里瀑布,景点,南滨路下浩里落桥广场旁(上新街地铁站1号口步行270米),"106.595897,29.558026"
黄桷树下广场,景点,江北嘴江滩公园,"106.575545,29.567710"
重庆之圆,景点,南滨路与野猫溪正街交叉口南20米,"106.589876,29.573616"
重庆建川博物馆聚落,景点,谢家湾街道鹤皋村1号(谢家湾地铁站1号口步行340米),"106.522579,29.519773"
八路军重庆办事处旧址,景点,曾家岩50号(曾家岩地铁站2号口步行70米),"106.550479,29.565301"
新华日报营业部旧址,景点,民生路240号(临江门地铁站2号口步行460米),"106.570732,29.557775"
重庆市花卉园,景点,花卉园西路1号(花卉园地铁站2B口旁),"106.514446,29.581439"
涂山寺,景点,南山街道真武山15号,"106.608323,29.550031"
三峡广场,景点,沙坪坝地铁站出入口步行420米,"106.462431,29.557122"
虎头岩公园,景点,长和路与经纬大道交叉口东100米,"106.506167,29.545961"
三毛故居,景点,崇文路黄桷垭正街145号,"106.601608,29.537832"
重庆海洋世界,景点,奥体路1号喜盈门范城LG层(袁家岗地铁站1号口旁),"106.511045,29.527996"
江北石子山体育公园,景点,盘溪路406号,"106.489055,29.602602"
85号创意公馆,景点,中山四路85号(曾家岩地铁站2号口步行110米),"106.549349,29.564937"
海棠晓月圣地温泉,景点,南坪东路587号(瀚云明宇酒店),"106.582599,29.539731"
十八梯大隧道,景点,中兴路1号重庆十八梯传统风貌区内(北侧),"106.573469,29.552486"
重庆抗战遗址博物馆,景点,南山植物园路1号,"106.617281,29.566716"
重庆南滨公园-南滨路景区,景点,南滨公园,"106.585182,29.543869"
重庆映像历史风貌区,景点,南坪西路60号附42号,"106.556564,29.528896"
塔山公园,景点,保利观澜溉澜溪长江边附近,"106.576263,29.599576"
大唐广场,景点,临江门魁星楼(临江门地铁站2号口步行100米),"106.573719,29.559742"
重庆长江三峡游船,景点,嘉陵江滨江路109号,"106.574416,29.561619"
火凤山生态公园,景点,万年路398号,"106.542905,29.624121"
龙脊广场,景点,松石支路168号对面(大龙山地铁站1B口步行470米),"106.503426,29.588756"
涂鸦一条街,景点,黄桷坪正街88号四川美术学院黄桷坪校区旁,"106.539867,29.488979"
桂园-谈判旧址,景点,曾家岩地铁站2号口步行390米,"106.547059,29.562904"
仁爱荒野公园,景点,重庆市南纪门街道中兴路234号旁山城步道(西北角),"106.566403,29.550863"
郑家院子,景点,建新西路455号附近,"106.510967,29.561980"
千佛寺,景点,玄坛庙,"106.592859,29.572403"
彩云湖国家湿地公园,景点,九龙街道科城路166号,"106.478309,29.509946"
观音桥-音乐喷泉,景点,观音桥步行街嘉陵公园(东北角),"106.531304,29.574765"
重庆海昌海洋馆,景点,泰昌路69号长嘉汇购物公园F4层,"106.587030,29.577277"
喵儿石创艺特区,景点,建新西路17号(李家坪地铁站3号口步行410米),"106.521800,29.566927"
红岩公园,景点,经纬大道与石油路交叉口北220米,"106.509086,29.546892"
两江汇观景台,景点,泰昌路69号长嘉汇购物公园,"106.586781,29.578581"
重庆园博园,景点,鸳鸯街道龙景路1号,"106.552207,29.680232"
特园,景点,上清寺嘉陵东村35号,"106.545640,29.560942"
重庆古城墙-金汤门,景点,通远门段城门及城墙,"106.565340,29.551260"
重庆谈判旧址群-宋子文官邸,景点,牛角沱立交与四新路交叉口北60米,"106.543600,29.559010"
重庆市江北嘴中央商务区中央公园B区,景点,江北嘴中央商务区中央公园(大剧院地铁站3号口步行270米),"106.577009,29.571820"
平顶山公园,景点,嘉陵路与重棉支路交叉口南300米,"106.475731,29.549275"
百林公园,景点,黄山大道中段1号,"106.506470,29.615094"
重庆动物园-熊猫馆,景点,西郊路25号重庆动物园内(动物园地铁站1号口步行430米),"106.508002,29.501879"
清水溪步道,景点,黄桷垭镇,"106.601901,29.558221"
铜元之光城市阳台,景点,双峰山路2号,"106.551485,29.533158"
铜元之光城市阳台,景点,双峰山路2号,"106.551485,29.533158"
涂山雕塑公园,景点,涂山镇一天门街与下浩路交叉口东500米,"106.605316,29.553120"
呼归石花阶公园,景点,南滨路与野猫溪正街交叉口西北190米,"106.589754,29.574883"
沙坪公园,景点,天陈路52号,"106.455139,29.551507"
南滨游艇广场,景点,南滨路27号附65号2-9正北方向50米,"106.572934,29.541441"
两江幸福广场,景点,黄山大道中段1号(幸福广场地铁站2号口旁),"106.506814,29.617237"
重庆海昌加勒比海水世界(暂停营业),景点,崇文路35号(近南山植物园),"106.613905,29.555795"
大鱼海棠双拥公园,景点,南滨路美堤雅城旁,"106.552891,29.502961"
歌乐山国家森林公园,景点,歌乐山街道森林路,"106.428283,29.567829"
渣滓洞监狱旧址,景点,壮志路歌乐山烈士陵园1公里处,"106.433435,29.585496"
重庆欢乐谷,景点,礼嘉国际商务旅游城金渝大道29号,"106.517099,29.668184"
能仁寺,景点,中华路92号(较场口地铁站9号口步行240米),"106.576773,29.555741"
东水门历史文化街区,景点,东水门正街(近湖广会馆),"106.587574,29.559027"
中美合作所集中营旧址,景点,红岩文化景区松林坡参观区,"106.432298,29.578220"
平顶山文化公园,景点,石小路155号,"106.474163,29.547145"
洪崖门(古城门旧址),景点,沧白路56号(小什字地铁站9号口步行370米),"106.579523,29.561978"
巴国城,景点,红狮大道6号,"106.473011,29.499820"
重庆铁山坪森林公园,景点,铁山坪,"106.678994,29.601570"
华岩寺,景点,中梁山街道华岩村5号附42号,"106.446508,29.491520"
百岁坊,景点,泰昌路长嘉汇弹子石老街(东北角),"106.588960,29.580384"
李子坝抗战遗址地下金库,景点,李子坝正街66号附3号1-1,"106.536176,29.552201"
白公馆旧址,景点,童家桥街道壮志路治法三村63号,"106.432065,29.576464"
江边生态公园,景点,菜园坝街道菜园坝街道菜园坝街道菜园坝街道江边生态公园停车场,"106.536777,29.540755"
融侨公园,景点,风临路融侨城(近南开中学),"106.539907,29.529627"
华岩旅游风景区,景点,重庆市中梁山街道华岩村151号,"106.443834,29.488498"
壹华里夜景公园,景点,福寿路3号,"106.590143,29.510951"
重庆建川海疆博物馆,景点,杨家坪九滨路7号,"106.529413,29.515256"
涂鸦墙,景点,鹅岭正街1号二厂文创公园内,"106.540367,29.551387"
木桃路社区公园,景点,木桃路与昆仑大道交叉口东北40米,"106.559900,29.607503"
大龙山公园,景点,龙山大道(大龙山地铁站1A口步行60米),"106.500403,29.587179"
东方明珠,景点,北滨路石门大桥桥头石门车站渝江村300号A宗,"106.483664,29.566127"
敦厚坡,景点,南山街道黄葛古道,"106.595655,29.542181"
铜锣花谷生态园,景点,弹广路北50米,"106.659131,29.587025"
长江之眼(南滨路观景点),景点,南滨路118号,"106.594182,29.568031"
重庆市人民大礼堂-南楼,景点,人民路173号重庆市人民大礼堂,"106.553361,29.561110"
重庆中央公园,景点,同茂大道,"106.583839,29.716529"
上清寺,景点,美专校街与上清寺路交叉口南20米,"106.545885,29.558589"
保定门城墙遗址公园,景点,金沙门路与文星门街交叉口东南340米,"106.580463,29.568561"
三将军炮台,景点,嘉陵江滨江路88号洪崖洞民俗风貌区(东北角),"106.579895,29.562578"
老君洞道观观景台,景点,黄桷垭正街150号,"106.602115,29.541778"
重庆中国三峡博物馆P4停车场,停车场,人民路236号重庆中国三峡博物馆,"106.550660,29.561903"
重庆市人民大礼堂北门停车场,停车场,人民路173号(曾家岩地铁站3号口步行300米),"106.553449,29.562198"
重庆市人民大礼堂地下停车场,停车场,人民路173号重庆人民广场(曾家岩地铁站3号口步行280米),"106.55275,29.561016"
泰古广场地下停车场,停车场,人民路129号三峡古玩城B2,"106.553640,29.562902"
重庆人民广场停车场,停车场,人民路173号重庆人民广场(曾家岩地铁站3号口步行290米),"106.553191,29.561921"
重庆市人民大礼堂南停车场,停车场,人民路173号重庆市人民大礼堂,"106.553073,29.561151"
学田湾地下停车场,停车场,中山三路134号渝中区上清寺学田湾,"106.552276,29.560888"
景区室外停车场,停车场,人民路173号重庆市人民大礼堂,"106.553231,29.562329"
重庆医科大学附属儿童医院停车场,停车场,中山二路136号重庆医科大学附属儿童医院内,"106.553675,29.556413"
学田湾大阳沟菜市场停车场,停车场,学田湾正街37号学田湾大阳沟市场,"106.552003,29.559310"
雾都宾馆地下停车场,停车场,中山四路与人民支路交叉口东80米,"106.551039,29.565291"
重庆市劳动人民文化宫停车场,停车场,下罗家湾60号文化宫北门内,"106.552138,29.557143"
牡丹厅室外停车场,停车场,人民路173号重庆市人民大礼堂,"106.554358,29.561682"
重庆医科大学附属口腔医院地下停车场,停车场,重庆医科大学附属口腔医院上清寺院区,"106.546437,29.559292"
广场宾馆南停车点,停车场,学田湾正街4-6号负一层(曾家岩地铁站3号口步行320米),"106.552643,29.560464"
龙湖重庆星悦荟停车场,停车场,北滨一路258号,"106.547052,29.569499"
名流公馆西区停车场,停车场,嘉陵江滨江路272号名流公馆西区,"106.547798,29.565654"
太平洋广场地下停车场,停车场,上清寺路与美专校街交叉口西北60米,"106.545653,29.559326"
龙泉花园D栋停车场,停车场,嘉陵江滨江路246号,"106.553092,29.565986"
人和街停车场,停车场,大溪沟人和街67号(近人民花园枣子岚垭正街),"106.556086,29.561081"
重庆医科大学附属儿童医院渝中院区地下停车场,停车场,文化宫巷与枣子岚垭菜市巷交叉口东南100米,"106.553847,29.557005"
渝中大厦停车场,停车场,中山四路1号渝中大厦,"106.546731,29.561237"
嘉和苑停车场,停车场,枣子岚垭正街105号嘉和苑(曾家岩地铁站3号口步行490米),"106.554011,29.559788"
中山文化产业园停车场,停车场,中山四路17号附2号中山文化产业园,"106.546920,29.562747"
重庆华美整形外科医院地下停车场,停车场,上清寺路9号1-6层重庆华美整形外科医院,"106.546415,29.559035"
远见中心地面停车场,停车场,嘉陵江嘉滨路242号(曾家岩地铁站4号口步行460米),"106.554285,29.565943"
劳动人民文化宫停车场,停车场,下罗家湾路与春森路交叉口南80米,"106.550716,29.555336"
环球广场地下停车场,停车场,上清寺路9号环球广场(牛角沱地铁站1号口步行480米),"106.546408,29.559145"
科普大厦地下停车场,停车场,华福巷30号(大礼堂地铁站2号口步行70米),"106.556723,29.560723"
国宾妇产医院停车场,停车场,上清寺互助里43号懿德酒店(牛角沱地铁站1号口步行400米),"106.545461,29.557975"
创意大厦地下停车场,停车场,大溪沟北区路73号创意大厦(大礼堂地铁站3号口步行420米),"106.559819,29.562919"
重庆市少年宫停车场,停车场,中山二路134号重庆市少年宫,"106.55547,29.555506"
停车场(中山四路),停车场,中山四路17号附2号中山文化产业园,"106.546908,29.562832"
重庆市体育馆露天停车场,停车场,体育村32号重庆市体育馆(两路口地铁站5号口步行480米),"106.548581,29.556084"
投资大厦停车场,停车场,中山三128号、130号投资大厦,"106.550163,29.556211"
中冶赛迪集团有限公司地面停车场,停车场,双钢路1号中冶赛迪集团有限公司,"106.563682,29.560442"
中昂·世纪环岛地下停车场,停车场,上清寺路1号附1号中昂·世纪环岛,"106.547294,29.559615"
鑫隆达大厦地下停车场,停车场,美专校街66号附1号(牛角沱地铁站1号口步行490米),"106.545807,29.558062"
渝中区第四人民医院立体停车场,停车场,人民路与大溪沟河街交叉口西南100米,"106.557277,29.563595"
罗宾森广场地下停车场,停车场,七星岗街道兴隆街9号附5号对面罗宾森广场,"106.563083,29.554520"
重庆市急救医疗中心停车场,停车场,重庆市第四人民医院南门旁(两路口地铁站7号口步行220米),"106.546622,29.552492"
重庆市人民医院中山院区停车场,停车场,中山一路312号重庆市人民医院中山院区,"106.559081,29.556370"
光彩大厦停车场,停车场,中山二路与中山支路交叉口东北120米,"106.553292,29.554892"
华信大厦停车场,停车场,大溪沟街12号华信大厦(黄花园地铁站1号口步行450米),"106.561489,29.563797"
鎏嘉码头地下停车场,停车场,北滨路1号鎏嘉码头(刘家台地铁站2号口步行350米),"106.561158,29.570983"
大田湾全民健身综合楼地下停车场,停车场,体育村36号,"106.545919,29.555683"
二厂文创公园停车场,停车场,鹅岭正街1号TESTBED2贰厂文创公园,"106.539962,29.551142"
极鼎·城市经典停车场,停车场,三钢二路8号极鼎·城市经典,"106.541238,29.571570"
奎星楼立体停车场,停车场,临江门2号魁星楼(西北角),"106.573422,29.560689"
莺花巷2号小微地面停车场,停车场,长新路15号(二宝火锅对面),"106.552262,29.573259"
钻石广场西侧小微停车场,停车场,钻石广场西侧,"106.567420,29.569306"
重庆站南停车场,停车场,菜园坝立交桥与菜袁路交叉口西北100米,"106.549246,29.549078"
鎏嘉码头B区停车场,停车场,北滨一路北侧北城路西侧,"106.558682,29.570229"
渝开发中二路停车场,停车场,中山二路16号(七星岗地铁站3号口步行200米),"106.558039,29.555319"
陆军军医大学西南医院江北院区地面停车场,停车场,建新东路29号陆军军医大学西南医院(江北院区),"106.540353,29.574468"
菜园坝水果市场地面停车场,停车场,菜袁路69号渝中区水果批发市场,"106.545267,29.545416"
通远大厦地下停车场,停车场,通远大厦(七星岗地铁站1号口步行160米),"106.564974,29.554712"
重庆市妇幼保健院七星岗院区地面停车场,停车场,金汤街66号重庆市妇幼保健院七星岗院区,"106.566383,29.554023"
重庆市人民医院三院院区住院部停车场,停车场,枇杷山正街104号重庆市人民医院三院院区,"106.555103,29.552760"
重庆市少年宫地下停车场,停车场,中山二路134号重庆市少年宫,"106.555385,29.555598"
华安大厦地下停车场,停车场,两路口街道枇杷山正街136号,"106.553120,29.553805"
盛世嘉园地下停车场,停车场,北区路55号盛世嘉园(黄花园地铁站1号口步行450米),"106.561425,29.563033"
女人广场地面停车场,停车场,解放碑街道大同路16号女人广场B2,"106.572118,29.558136"
重庆远东城购物中心地下停车场,停车场,远东城(观音桥地铁站6A口旁),"106.535480,29.575248"
大融城地下停车场,停车场,观音桥步行街8号大融城B2,"106.533716,29.575219"
皇冠大厦地下停车场,停车场,两路口中山三路107号皇冠大厦1层(两路口地铁站3号口旁),"106.549505,29.551957"
鹅岭公园地下停车场,停车场,鹅岭正街168号鹅岭公园(鹅岭地铁站2A口步行330米),"106.536297,29.548286"
重庆希尔顿酒店地下停车场,停车场,中山三路与中山支路交叉口西南80米,"106.549204,29.554870"
临华大厦停车场,停车场,捍卫路6号临华大厦(七星岗地铁站4C口步行100米),"106.561606,29.555995"
重庆医科大学附属第二医院地面停车场,停车场,临江门大唐广场17号魁星楼(临江门地铁站2号口步行100米),"106.573666,29.559738"
财信广场地下停车场,停车场,江北城金沙门路56号,"106.572163,29.570778"
中华广场地面停车场,停车场,长江一路中华广场(两路口地铁站4号口步行140米),"106.548978,29.551874"
港天大厦地下停车场,停车场,中山二路200号(两路口地铁站2B口步行420米),"106.552074,29.553177"
巴渝世家地下停车场,停车场,巴渝世家,"106.569123,29.557077"
重庆市江北区中医院地面停车场,停车场,建新东路一村35号重庆市江北区中医院,"106.537534,29.576075"
邹容小学停车场,停车场,新德村266号邹容小学,"106.564765,29.557088"
重庆市红十字会医院地面停车场,停车场,华新街道嘉华路嘉陵一村1号重庆市红十字会医院,"106.533865,29.569352"
日月光中心广场立体停车场,停车场,较场口民权路88号日月光中心广场,"106.571100,29.554805"
李子坝抗战遗址公园地下停车场,停车场,李子坝正街66号(李子坝地铁站1号口步行290米),"106.535051,29.551646"
紫东国际停车场,停车场,临江门28号,"106.570767,29.559997"
新世纪百货世纪新都店地下停车场,停车场,观音桥地铁站2号口步行100米,"106.531955,29.572991"
尚城华府P2停车场,停车场,中山一路74号(七星岗地铁站2号口步行70米),"106.562217,29.554634"
鎏嘉码头A区地下停车场,停车场,鎏嘉码头A区(刘家台地铁站4号口步行500米),"106.563284,29.570377"
重庆十八梯传统风貌区B区地下停车场,停车场,中兴路1号重庆十八梯传统风貌区内(西侧),"106.572180,29.550954"
CIC天和里购物中心地下停车场,停车场,建新东路与中野路交叉口西北160米,"106.534310,29.574159"
李子坝抗战遗址公园停车场,停车场,李子坝正街60-62号李子坝抗战遗址公园内(南侧),"106.534922,29.551422"
地面停车场,停车场,融景路与北城路交叉口南240米,"106.556887,29.570162"
新世纪百货阳光世纪奥特莱斯停车场,停车场,建新北路一支路3号新世纪百货阳光世纪购物中心B2,"106.534652,29.575392"
重庆普瑞眼科医院停车场,停车场,中山一路218号(七星岗地铁站无障碍直梯出入口步行70米),"106.561332,29.555706"
重庆三博长安医院停车场,停车场,建新东路与融景路交叉口西北140米,"106.551763,29.576309"
重庆爱尔儿童眼科医院停车场,停车场,两江新区江北区建新南路11号重庆爱尔儿童眼科医院,"106.534647,29.571706"
重庆枇杷山公园停车场,停车场,枇杷山正街74号,"106.556943,29.553866"
洪崖洞民俗风貌区地下停车场,停车场,嘉陵江滨江路88号洪崖洞民俗风貌区内(西侧),"106.578704,29.562218"
金源时代购物中心东地面停车场,停车场,金源路3-附1号附近,"106.527527,29.556832"
重庆市大田湾全民健身综合楼地面停车场,停车场,两路口体育村36号,"106.545869,29.555566"
金融街融景中心地下停车场,停车场,金融街融景中心,"106.557284,29.576898"
观音桥好吃街地下停车场,停车场,观音桥东环路与兴塔路交叉口东南40米,"106.534303,29.576961"
重庆站北停车场(暂停营业),停车场,南区路与菜园坝立交桥交叉口南100米,"106.548790,29.550079"
龙湖重庆北城天街地下停车场(装修中),停车场,北城天街10号龙湖重庆北城天街,"106.534894,29.578709"
桔子重庆李子坝牛角沱地铁站酒店停车场,停车场,四新路与牛角沱立交交叉口西60米(牛角沱地铁站1号口旁),"106.542864,29.558429"
菜园坝外滩中药材市场停车场,停车场,南区路164号附2号旁,"106.552922,29.551359"
未来国际地下停车场,停车场,观音桥步行街6号附2号,"106.532684,29.574471"
新干线大厦地下停车场,停车场,两路口街道重庆村55号新干线大厦,"106.548378,29.553303"
重庆市第四人民医院地下停车场,停车场,健康路与长江一路交叉口西80米,"106.546501,29.552497"
重庆市电力公司停车场,停车场,南区公园路重庆市解放路中药材专业市场,"106.552864,29.551996"
融恒盈嘉中心地下停车场,停车场,观音桥步行街2号融恒盈嘉中心,"106.533963,29.573271"
山城巷智能地下停车场,停车场,南区路9号,"106.567881,29.549829"
重庆国贸中心地下停车场,停车场,民生路解放碑步行街,"106.573540,29.556866"
平安·摩卡城市地下停车场,停车场,三钢二路与建新东路交叉口南200米,"106.541353,29.571281"
高盛创富中心地下停车场,停车场,解放碑街道江滨江路112号(高盛·创富中心),"106.573931,29.561285"
潜能新天地地下停车场,停车场,北滨一路198-208号潜能新天地,"106.557241,29.570465"
恒大御龙天峰停车场,停车场,中兴段336-339号恒大御龙天峰吉的堡幼儿园,"106.538869,29.568815"
日月光购物中心立体停车场,停车场,南纪门街道解放碑1号日月光购物中心F4层,"106.571038,29.554796"
中兴路5号大厦停车场,停车场,中兴路5号(较场口地铁站4号口对面),"106.572062,29.552495"
重庆市御龙天峰十八中学停车场,停车场,御峰路御龙天峰重庆市第十八中学,"106.541367,29.568528"
桥北村便民停车场,停车场,建新南路61号(华新街地铁站1号口步行60米),"106.536640,29.563790"
都市广场B区地下停车场,停车场,邹容路118号(临江门地铁站2号口步行140米),"106.575296,29.559596"
雨花苑-A栋停车库,停车场,博长安医院北门东南60米(鲤鱼池地铁站3A口步行270米),"106.552113,29.576166"
英利国际金融中心停车库,停车场,英利国际金融中心(较场口地铁站9号口步行150米),"106.574941,29.555693"
重庆中心销售中心停车场,停车场,中山三路2-36双号(两路口地铁站2A口步行90米),"106.549819,29.553633"
聚丰纵横国际地下停车场,停车场,聚丰纵横国际(观音桥地铁站6A口步行310米),"106.535911,29.573955"
地下之城老火锅A区(九街主入口停车场),停车场,五里店街道长安中路,"106.548513,29.580583"
重庆相国寺码头停车场,停车场,北滨一路相国寺码头,"106.538807,29.560837"
解放碑停车场,停车场,解放碑街道解放碑商圈来龙巷14号,"106.577145,29.557066"
地面停车场,停车场,北滨一路290号,"106.541550,29.566284"
两江丽景酒店停车点,停车场,双钢路与黄花园大桥交叉口西40米,"106.565478,29.561165"
黄桷树下广场停车点,停车场,钻石广场东侧,"106.573124,29.568057"
协信黄金海岸地下停车场,停车场,建新南路2号协信·黄金海岸,"106.533647,29.571484"
世纪中环停车场,停车场,鲤鱼池二村26号世纪中环(鲤鱼池地铁站2A口步行350米),"106.545561,29.574018"
鹅岭正街立体停车场,停车场,王家坡新村与长江一路交叉口西南180米,"106.540751,29.550121"
汉庭酒店重庆两路口菜园坝店地面停车场,停车场,菜园路26号,"106.547830,29.548322"
重庆抗建大厦地下停车场,停车场,中山一路181号重庆抗建大厦,"106.560829,29.554778"
英利·大融城车库,停车场,解放碑民权路26号(临江门地铁站3号口步行160米),"106.574914,29.555807"
朗晴广场地下停车场,停车场,观音桥步行街西环路10号朗晴广场,"106.529511,29.571858"
重庆市人民医院三院院区地面停车场,停车场,枇杷山正街104号重庆市人民医院三院院区,"106.555169,29.552699"
重庆佳音医院停车场,停车场,重庆佳音妇产医院,"106.561453,29.580161"
巴将军公园停车场,停车场,民生路371号巴将军公园,"106.567488,29.556712"
鲤鱼池42号艺术公园商业停车场,停车场,鲤鱼池路鲤鱼池三村42号(九街)鲤鱼池42号艺术公园商业,"106.544548,29.578148"
长滨路珊瑚公园2号地面停车场,停车场,长江滨江路与菜园坝立交交叉口东240米,"106.558555,29.549737"
得意世界地下停车场,停车场,较场口91号磁器街(较场口地铁站10A口步行170米),"106.575525,29.553208"
中冶·重庆早晨地下停车场,停车场,五江路中冶重庆早晨(刘家台地铁站2号口步行150米),"106.564091,29.573631"
巴蜀俊秀停车场,停车场,北区路51号附1号(黄花园地铁站1号口步行240米),"106.563366,29.562262"
重庆咨询大厦停车场,停车场,五简路2号重庆咨询大厦,"106.564006,29.576711"
重庆时代中心地下停车场,停车场,建新东路3-1号(观音桥地铁站6A口步行50米),"106.535809,29.575344"
力帆中心LFC地下停车场,停车场,聚贤岩广场8号力帆中心(大剧院地铁站5号口步行460米),"106.572503,29.569718"
瑞迪荣都停车场,停车场,建新东路241号(鲤鱼池地铁站3A口步行500米),"106.555882,29.577771"
花园大厦地下停车场,停车场,健康路花园大厦(两路口地铁站5号口步行440米),"106.543599,29.552994"
金陵大厦停车场,停车场,建新东路51号金陵大厦(鲤鱼池地铁站2A口步行160米),"106.546970,29.573420"
PARK108国泰优活城市广场地下停车场,停车场,邹容路108号新世纪对面国泰广场B4,"106.576415,29.558872"
协信公馆停车场,停车场,黄花园大桥南桥头协信公馆,"106.567626,29.559706"
江北嘴金融城3号地下停车场,停车场,江北嘴中央商务区A03号江北嘴金融城,"106.568629,29.576238"
银中大厦地下停车场,停车场,中山一路160号银中大厦(七星岗地铁站4A口步行150米),"106.563658,29.556245"
停车场,停车场,解放碑地下环道与北区路交叉口西60米,"106.569022,29.558560"
九街高屋地下停车场,停车场,北城天街46号(观音桥步行街),"106.542987,29.579401"
2077赛博城市停车场,停车场,民族路166号地王广场(临江支路),"106.578022,29.560019"
东方灯饰广场(万丰路)停车场,停车场,东方灯饰家居广场(万丰路),"106.557706,29.578761"
时代广场地下停车场,停车场,解放碑邹容路100号重庆时代广场B3,"106.577236,29.558382"
O'LANE启元光里地下停车场,停车场,小苑路6号O(LANE启元光里),"106.528936,29.572780"
茂业天地地下停车场,停车场,建新北路16号茂业天地,"106.531694,29.577608"
桂花大厦停车场,停车场,桂花园75号桂花大厦,"106.542145,29.555103"
国泰广场地下停车场,停车场,五四路与来龙巷交叉口东40米,"106.576469,29.559208"
女人广场地下停车场,停车场,大同路16号女人广场(临江门地铁站3号口步行150米),"106.573184,29.557805"
渝海大厦地下停车场,停车场,民生路与业成花园路交叉口东南60米,"106.569147,29.556082"
重庆解放碑地下停车场,停车场,邹容路109号(临江门地铁站出入口步行240米),"106.577147,29.557070"
万汇中心地下停车场,停车场,观音桥街道北城天街40号万汇中心,"106.540957,29.579504"
成大·锦嘉国际大厦地下停车场,停车场,桂花街支路10号锦嘉国际(大剧院地铁站4号口步行400米),"106.573924,29.571004"
重庆市第四人民医院地面停车场,停车场,[],"106.545614,29.551551"
江北北仓文化创意园地面停车场,停车场,江北北仓文化创意园内(东侧),"106.538709,29.578613"
国泰艺术中心停车库,停车场,解放碑临江路3号重庆国泰艺术中心,"106.577018,29.559610"
重庆IFS国金中心地下停车场,停车场,庆云路1号重庆IFS国金中心,"106.573800,29.576287"
渝北龙头寺公园南入口停车场,停车场,龙头寺公园(红土地地铁站1A口步行210米),"106.553630,29.585816"
城市领地地下停车场,停车场,建新南路与华福路交叉口西北80米,"106.536625,29.565965"
重庆JW万豪酒店地下停车点,停车场,民生路与民生巷交叉口南100米,"106.570948,29.556650"
重庆国华金融中心地下停车场,停车场,聚贤岩广场9号重庆国华金融中心,"106.573908,29.568812"
八一广场地下停车场,停车场,八一路238号八一广场停车场出入口(八一路好吃街上),"106.576685,29.554673"
拓展大厦地下停车场,停车场,观音桥西环路9号附(观音桥地铁站2号口步行210米),"106.531274,29.571719"
建东大厦停车场,停车场,建新东路8号建东大厦(观音桥地铁站7号口步行420米),"106.535990,29.572945"
欧街92地下停车场,停车场,兴隆路46号附1号,"106.540285,29.581583"
重庆远东城停车场4号入口,停车场,步行街12号,"106.534912,29.573684"
农垦大厦地下停车场,停车场,华唐路2号农垦大厦(华新街地铁站2号口步行410米),"106.536612,29.567538"
富城大厦停车场,停车场,嘉陵江滨江路154号(黄花园地铁站1号口步行480米),"106.568683,29.561819"
鹅岭岭正街机械停车库,停车场,王家坡新村与长江一路交叉口西160米,"106.540910,29.550413"
融景城朗峰停车库,停车场,融景路27号融景城朗峰(鲤鱼池地铁站4A口步行360米),"106.555234,29.575317"
西普大厦停车场,停车场,建新南路16号西普大厦,"106.536396,29.568119"
嘉年华大厦地下停车场,停车场,观音桥步行街9号,"106.531316,29.573507"
大同方·城市公寓地下停车场,停车场,大同方(临江门地铁站3号口步行140米),"106.573347,29.556945"
合景·聚融广场地下停车场,停车场,民权路58号合景·聚融广场(较场口地铁站6B口步行140米),"106.574203,29.554021"
重庆市江北嘴中央商务区中央公园地下停车场,停车场,上横街公园村21号(江北城地铁站3号口步行370米),"106.574384,29.573045"
财信·半岛铂寓地下停车场,停车场,中山一路6号财信·半岛铂寓(七星岗地铁站1号口步行490米),"106.567009,29.556340"
东和城地下停车场,停车场,北城天街与兴隆路交叉口东140米,"106.541001,29.580232"
金桥北岸停车场,停车场,五简路10号金桥北岸(刘家台地铁站1号口步行160米),"106.565879,29.573482"
星光68广场地下停车场,停车场,洋河一路68号星光68广场B2,"106.530256,29.578558"
金利缘商场停车场,停车场,菜园坝菜袁路,"106.547167,29.547827"
重庆美莱整形美容医院地下停车场,停车场,两江新区江北区观音桥步行街16号2幢2-7层重庆美莱整形美容医院,"106.535694,29.573762"
江北嘴金融城2号地下停车场,停车场,东升门路61号江北嘴金融城,"106.568652,29.574794"
财信·半岛铂寓地面停车场,停车场,中山一路6号财信·半岛铂寓(七星岗地铁站1号口步行470米),"106.567569,29.556434"
新世界百货重庆店地下停车场,停车场,观音桥步行街6号新世界百货B2,"106.532880,29.574481"
天官府北侧地上停车场,停车场,放牛巷83号天官府小区,"106.566263,29.552370"
新重庆小商品菜园坝批发中心停车场,停车场,菜袁路15号新重庆小商品(菜袁路店),"106.549674,29.547166"
大都会东方广场地下停车场,停车场,邹容路68号大都会广场(临江门地铁站1号口步行360米),"106.579245,29.558306"
肯德基(大礼堂店),餐饮,大溪沟街道人民路133号(大礼堂地铁站4号口步行210米),"106.553987,29.562816"
阿福板凳面(大礼堂店),餐饮,大溪沟街道人民路168号1层105-2号(大礼堂公交站旁),"106.554498,29.563069"
一只烧鸡公(大礼堂总店),餐饮,人民路170号2-3(大礼堂地铁站4号口步行160米),"106.554468,29.563106"
思味鲜蹄花,餐饮,渝建村1号(大礼堂地铁站4号口步行170米),"106.555287,29.563158"
一品香·江湖菜(大礼堂店),餐饮,枣子岚垭143号(曾家岩地铁站3口步行370米),"106.553139,29.560112"
手提串串香,餐饮,人民支路11号1-2(近建设路),"106.554732,29.564025"
誉亿朱记豌杂面,餐饮,上清寺学田湾正街112号,"106.549740,29.559513"
四间火锅(上清寺老重庆店),餐饮,中山三路158号,"106.549245,29.557967"
范嬢嬢春森路糯米团,餐饮,学田湾正街59号,"106.550366,29.559117"
小毛肚老火锅总店,餐饮,红球坝39号1-5号,"106.553084,29.558068"
五斗米饭店(上清寺店),餐饮,中山四路1号渝中大厦6层(牛角沱地铁站3号口步行490米),"106.546644,29.561365"
张六老火锅,餐饮,下罗家塆二巷1号附1号,"106.552616,29.557774"
老字号洞亭火锅(防空洞店),餐饮,中山三路149号附1号,"106.549174,29.556657"
廖掌柜老火锅,餐饮,上清寺路16号(牛角沱地铁站1号口步行410米),"106.545946,29.559562"
大溪沟坝坝火锅,餐饮,人民路35号(大溪沟地铁站1号口步行390米),"106.558349,29.563605"
玲玲餐馆,餐饮,人和街17-5号,"106.558701,29.562442"
陈有良尖椒鸡(渝中示范店),餐饮,中山三路山益村153号,"106.548158,29.556913"
周掌门江湖菜(北滨一路店),餐饮,北滨1路256号附1号(鲤鱼池地铁站5A口步行360米),"106.551474,29.570071"
白乐天毛肚火锅馆(北滨路营业所),餐饮,北滨一路256号附6龙湖星悦荟(春森彼岸)A9区-F10102,"106.550580,29.570107"
呈萱Hi厨K歌融合菜(北滨路总店),餐饮,两江新区北滨一路256号附17号4-1,"106.551012,29.569991"
佰鸽宴(龙湖星悦荟7区店),餐饮,北滨一路256龙湖重庆春森星悦荟F5层,"106.548379,29.569927"
吊锅耗儿鱼(两路口店),餐饮,两路口上大田湾62号6-1号,"106.546424,29.556068"
岚火锅(渝中店),餐饮,枣子岚垭正街一巷11号(七星岗地铁站3号口步行300米),"106.557395,29.556537"
欢火锅(名仕城店),餐饮,两路口街道岚园路2号(七星岗地铁站4b出口步行310米),"106.557702,29.556750"
菜墩之味潮汕牛肉,餐饮,星悦荟8区南门(鲤鱼池地铁站5A口步行480米),"106.548621,29.570059"
X-厨房(龙湖星悦汇店),餐饮,两江新区江北区北滨一路258号龙湖重庆春森星悦荟6区4F,"106.547495,29.569770"
陈胖子火锅(总店),餐饮,七星岗个捍卫路32号二楼,"106.561520,29.557001"
漫花庭(龙湖重庆春森星悦荟店),餐饮,两江新区江北区北滨一路256龙湖重庆春森星悦荟F1层,"106.545638,29.568991"
北步园火锅村(总店),餐饮,两江新区江北区华新街道钢峰村202号,"106.542778,29.569665"
酒友老火锅(名仕城店),餐饮,岚园路24号(七星岗地铁站3号口步行380米),"106.558491,29.556915"
岗上渣渣老火锅(上大田湾店),餐饮,上大田湾60号6-1(两路口地铁站7号口步行460米),"106.546129,29.555981"
一扳手烧烤,餐饮,北滨一路284号附1号,"106.544399,29.568644"
垭口老烧烤,餐饮,两江新区江北区五里店街道长新路2号(鲤鱼池地铁站2B口步行80米),"106.549827,29.572874"
纯阳老酒馆·川菜(七星岗店),餐饮,观音岩中一支路50号(七星岗地铁2号出口步行70米),"106.561284,29.554631"
临华老面馆,餐饮,临华路55号10号线坐直梯上来右侧巷道下行150米直梯在4号口不上扶梯,"106.561287,29.556277"
夺爷炒螺蛳,餐饮,华新街街道御峰路15号附3号,"106.543088,29.568683"
祝渝川菜,餐饮,北滨一路潜能新天地A幢3楼(1号观光电梯直达3楼),"106.557133,29.570255"
静香源火锅,餐饮,观音岩纯阳洞7号(七星岗地铁站2口步行100米),"106.560935,29.554589"
文婆婆火锅,餐饮,上清寺路67号附2号(牛角沱地铁站1号口步行240米),"106.542538,29.557445"
煊火锅(解放碑店),餐饮,1号纯阳洞小区(七星岗地铁站2号口步行180米),"106.561070,29.554205"
洞洞里吃火锅,餐饮,南区公园路82号(两路口地铁站3号口步行480米),"106.553728,29.552655"
华一坡蓉姐火锅(总店),餐饮,蓝天幼儿园斜对面,"106.565050,29.558060"
长安厂德明火锅,餐饮,五里店街道富强二村2号附1号,"106.546958,29.572422"
渝味晓宇火锅(枇杷山店),餐饮,枇杷山正街86号(近三院住院部),"106.556924,29.552342"
猛虎玫瑰·花园餐厅(鎏嘉码头青柠香店),餐饮,北滨一路192号附3号的BLG-25号商铺鎏嘉码头B区,"106.559640,29.570765"
镇三关老火锅(鎏嘉码头店),餐饮,两江新区鎏嘉码头7区3层,"106.560474,29.570194"
金香译江湖菜,餐饮,长江一路6号(两路口地铁站4号口步行90米),"106.548307,29.552406"
三好火锅(七星岗店),餐饮,华一路67号5栋1-1,"106.563591,29.558882"
乐至火锅馆,餐饮,融景路14号附11号(鲤鱼池地铁站4A口步行400米),"106.556316,29.573022"
兰源火锅,餐饮,七星岗街道中一30号(七星岗地铁站2号口步行70米),"106.561959,29.554732"
仙厨(北滨店),餐饮,两江新区北滨路鎏嘉码头珠江国际B区1号楼,"106.559218,29.570478"
抱一烧烤虾蟹馆,餐饮,潜能新天地b1-8,"106.557421,29.570456"
二宝火锅,餐饮,长兴路48号1.2号(鲤鱼池地铁站4号口无障碍电梯),"106.551851,29.572762"
鬼冒火姜丝兔(北城路店),餐饮,北城四路114号附2号,"106.557196,29.573098"
付勇老火锅,餐饮,中山一路160号附2号银中大厦E座旁,"106.563105,29.556236"
肉甲韩国木炭烤肉(北滨路店),餐饮,鎏嘉码头B区LG层(星巴克右侧扶梯旁进入、不上扶梯),"106.560728,29.570269"
春江宴火锅,餐饮,北滨一路198高潜能新天地,"106.558331,29.570183"
千寻湘(北滨路店),餐饮,[],"106.557185,29.570277"
老四川牛尾汤(鎏嘉码头店),餐饮,鎏嘉码头76号3F,"106.560131,29.570210"
渝味黄姐火锅,餐饮,建新东路78号附2号融景城朗峰,"106.555234,29.574309"
白马·臻川菜(北滨路),餐饮,北滨一路潜能天地B馆3A白马臻川菜,"106.557487,29.570362"
田土香老菜坊(两路口店),餐饮,体育村44号(两路口地铁站5号口步行100米),"106.547881,29.553747"
原始部落民俗烧烤(北滨路店),餐饮,音乐码头1-商铺,"106.537736,29.559631"
胖妹小面(两路口总店),餐饮,中山三路125号,"106.549002,29.554002"
老太婆米线,餐饮,两江新区城市印象绿湾相国苑3号门旁,"106.542538,29.570233"
合平酿造·精酿小炉子烤串(鎏嘉码头店),餐饮,北滨一路鎏嘉码头A区4号电梯L1(DNA旁边上楼梯),"106.564125,29.570125"
雾都秋香烤鱼大排档(融景城店),餐饮,两江新区融景城融景路18号附2号、3号,"106.556106,29.573872"
渝中区惠姐炫火锅,餐饮,中山一路169号附2号(七星岗地铁站2号口步行130米),"106.561541,29.555121"
谢有财鲜牛堂,餐饮,建新东路64号5-4(鲤鱼池地铁站3A出口旁),"106.552114,29.574666"
味源鎏金,餐饮,鎏嘉码头B区3号电梯(刘家台地铁站2号口步行480米),"106.559524,29.570457"
俏巴渝(北滨一路店),餐饮,北滨路珠江太阳城1号184号附9号,"106.564989,29.570198"
利火锅总店,餐饮,业成花园路业成花园7号楼1-3,"106.567045,29.557160"
耙灯牛肉(两路口店),餐饮,枇杷山正街261号,"106.552873,29.553573"
临华饭庄,餐饮,临华路53号(七星岗地铁站无障碍直梯出入口步行110米),"106.561075,29.556025"
晓彭肥肠鸡(两路口店),餐饮,两路口枇杷山正街209号三院住院部旁,"106.553995,29.552840"
兰亭序·茶与餐(恒大御龙天峰店),餐饮,两江新区北滨一路285号附10号2-2,"106.543199,29.567862"
山城酒家(体育路店),餐饮,两路口体育村38号附4号(两路口地铁站5号口步行160米),"106.547752,29.554310"
黄烟囱几大钵大排档(江北店),餐饮,北城三路融景城郦苑东北侧北门下面50米,"106.559871,29.574797"
BEACHVILLAGE(假日餐厅),餐饮,枇杷山正街195号2单元B1层,"106.554678,29.552689"
杨记隆府(北滨路国潮店),餐饮,北滨一路188号附2号2-1、3-1,"106.561353,29.570407"
家一加火锅(鎏嘉码头店),餐饮,"两江新区北滨一路鎏嘉码头商业街A区,6号电梯上二楼","106.563275,29.570208"
陈记老油茶,餐饮,富强二村3号附2号,"106.546770,29.572445"
九火锅(珠江国际店),餐饮,五里店北城路121号(刘家台地铁站2口步行280米),"106.560210,29.572578"
何王氏串串香火锅(两路口总店),餐饮,桂花园新村27号农贸市场二楼,"106.541431,29.554641"
夜叉几样菜(北滨路店),餐饮,两江新区江北区北城路84号附13号,"106.557884,29.572415"
土火匠.烤鱼专门店(融景城直营店),餐饮,融景路15号附1号(鲤鱼池地铁站4A口步行430米),"106.556043,29.572742"
贵阳小豆腐(原玻璃房子店),餐饮,两江新区江北区三钢二路39号大兴村菜市场斜对面,"106.541877,29.571006"
高张张火锅·老居民楼,餐饮,南区公园路与中山三路交叉口东100米,"106.553486,29.552863"
本本火锅,餐饮,北滨一路195号附1号,"106.558980,29.570475"
香鸭居(观音岩店),餐饮,"观音岩下纯阳洞5号,观音岩车站刘一手后面20米","106.561667,29.554672"
刘友池老火锅(老店),餐饮,华一路11号附2号,"106.568432,29.560112"
幺舅火锅七星岗店(原杨二娃老火锅),餐饮,胜利路150号,"106.563338,29.559066"
枇杷山熊猫火锅,餐饮,枇杷山正街70号(七星岗地铁站2号口步行330米),"106.559043,29.552516"
余老头青椒鱼(融景城店),餐饮,北城路86号附12号,"106.556666,29.572693"
九村烤脑花·两江非遗(鎏家码头直营店),餐饮,两江新区江北区北城二路62号(刘家台地铁站2号口步行240米),"106.561321,29.571704"
老友.三钢老火锅(三钢总店),餐饮,大兴村中兴段160号2-3,"106.540308,29.571284"
菊姐社区火锅(鎏嘉码头店),餐饮,两江新区江北区北城路与融景路交叉口东240米,"106.558543,29.572843"
巴巷子火锅(观音岩店),餐饮,观音岩纯阳洞3号(农业银行背后纯阳洞商号),"106.561170,29.554834"
渝味万全老火锅(纯阳洞小区店),餐饮,纯阳洞1号纯阳洞小区(七星岗地铁站2号口步行130米),"106.561263,29.554536"
渝味黄姐火锅(黄泥村店),餐饮,五里店黄泥村163-1(刘家台地铁站2号口步行420米),"106.561999,29.575466"
福记阿牛·潮汕牛肉火锅(融景城店),餐饮,北城路84号附15号,"106.557781,29.572719"
金锅贴·非遗饺子和抄手(鲤鱼池店),餐饮,融景城馨苑后门侧商铺(鲤鱼池地铁站4A口),"106.553478,29.573451"
联裆裤豆花牛肉(纯阳洞小区店),餐饮,纯阳洞1号(纯阳老酒馆楼上)七星岗地铁站2号口旁,"106.561386,29.554608"
夕拾未央(鎏嘉码头店),餐饮,两江新区江北区北滨一路鎏嘉码头B区5栋6号电梯至1-4层,"106.560503,29.570280"
御湘府•地道湖南菜(鎏嘉码头店),餐饮,北滨一路191号鎏嘉码头b区LG层星巴克往里走20米,"106.560307,29.570486"
燥·炭火鲜肉烧烤(大兴村店),餐饮,鲤鱼池大兴村车站旁152号(鲤鱼池地铁站2A口步行460米),"106.543933,29.572807"
程大事社区串串(珠江国际B区店),餐饮,北城二路76号(刘家台地铁站2号口步行340米),"106.561159,29.571194"
华一坡蓉姐火锅(一号桥店),餐饮,华一路15号附19号,"106.567299,29.558817"
潮尚前线潮汕牛肉火锅(鎏嘉码头店),餐饮,两江新区北滨一路191号附11号2-4号,"106.560410,29.570840"
战时洞子老火锅(李子坝店),餐饮,上清寺路11-附3号(牛角沱地铁站1号口步行450米),"106.540571,29.556599"
厚道烤肉,餐饮,建新东路与鲤鱼池路交叉口西100米,"106.544613,29.573130"
渝脑壳串串王(七星岗店),餐饮,中山一路6号附51号财信渝中城5栋1楼15号,"106.563787,29.555948"
Collachill初乐韩食酒馆,餐饮,合作村青年国际社区22号楼(合作村小区一楼商铺),"106.552135,29.573664"
肖老头火锅(七星岗店),餐饮,兴隆街4号,"106.566105,29.554651"
闯掌柜烧烤大排档,餐饮,七星岗财信渝中城5栋1层1-11,"106.564030,29.556055"
德元兰州纯汤牛肉面(重庆首店),餐饮,两江新区江北区建新东路36号附78-1,"106.542060,29.572699"
湘江春(鎏嘉码头店),餐饮,五里店街道北滨一路185号附5号2-2号,"106.563695,29.570235"
无敌爷爷水八块老火锅(珠江太阳城店),餐饮,两江新区江北区北城二路47号(刘家台地铁站2号口步行200米),"106.561927,29.572092"
麒荣椒麻鱼椒麻蛙(融景城店),餐饮,五里店街道北城三路74号附6号,"106.556812,29.574348"
燚龙串说串串火锅(两路口店),餐饮,花园大厦(健康路)44号(两路口地铁站5号口步行440米),"106.543685,29.553041"
百宗杀牛场火锅(北滨路店),餐饮,两江新区江北区北城二路25号,"106.562128,29.572618"
丁眼镜火锅,餐饮,宏声巷9号楼1-1(巫山纸包鱼旁),"106.570632,29.556057"
东北往事·东北菜铁锅炖(鎏嘉码头店),餐饮,珠江国际B区北门东南110米,"106.561412,29.571767"
江北城陈胖子特色菜(融景城·朗峰店),餐饮,五里店街道融景城路27号附13号,"106.554227,29.575487"
瀾渝重庆火锅(北滨路鎏嘉码头店),餐饮,两江新区江北区北滨一路184号(刘家台地铁站4号口步行490米),"106.564852,29.570181"
凤湖天来凤鱼璧山兔(珠江太阳城店),餐饮,北城二路29号,"106.562003,29.572578"
愉快老火锅(万丰一路),餐饮,两江新区江北区黄泥村164-1号(刘家台地铁站2号口步行440米),"106.561786,29.575535"
轩姐老火锅(观音桥店),餐饮,煌华晶萃城峯悦北门东南120米,"106.537139,29.569928"
德福火锅(七星岗店),餐饮,七星岗业成花园7-16,"106.567059,29.557126"
刘友池老火锅(一号桥店),餐饮,大溪沟街道北区路1号附2号(天銮车库入口旁),"106.568211,29.560646"
陶婆婆火锅(解放碑店),餐饮,解放碑临江门大井巷4号1-4(公安局幼儿园对面),"106.571992,29.559255"
二厂老火锅(文创公园店),餐饮,鹅岭正街1号二厂文创公园1幢G层03BC室三楼,"106.540372,29.550769"
李子坝梁山鸡(公园二鸡哥店),餐饮,"李子坝正街60号(轻轨2号线李子坝站,李子坝公园正对面)","106.535930,29.551801"
田棒棒火锅(解放碑店),餐饮,民生路242号(临江门地铁站出入口步行480米),"106.570526,29.557602"
建兴陈姐火锅,餐饮,两江新区华新街街道大兴村186号1幢第一层,"106.541566,29.572880"
总财老火锅(九街总店),餐饮,五里店鲤鱼池四村9号1-1,"106.545943,29.577521"
聂发财重庆江湖菜(解放碑店),餐饮,大同巷28号1-5(临江门地铁站3号口步行410米),"106.571580,29.557142"
老麻抄手重庆小面馆(解放碑总店),餐饮,民生路250号(海航保利国际中心正对面),"106.570400,29.557548"
刘友池老火锅(金汤街店),餐饮,金汤街16号第三层部分(七星岗地铁站1号口步行440米),"106.568095,29.555802"
利火锅(七星岗店),餐饮,解放碑街道民生路320号第1层11号至20号-14号,"106.568077,29.557651"
利火锅(七星岗店),餐饮,解放碑街道民生路320号第1层11号至20号-14号,"106.568077,29.557651"
好灶头·柴火鸡·江湖菜(江北总店),餐饮,建新东路平安摩卡三钢二路2号(摩卡城市8幢底商),"106.541778,29.572296"
庆三元老火锅(珠江太阳城D区店),餐饮,北城路76号附22号(刘家台地铁站2号口步行170米),"106.563277,29.574008"
三洞九宫格老火锅(七星岗财信渝中城店),餐饮,中山一路6号附12号2-19号,"106.566452,29.555952"
最爱鲜·巫山纸包鱼(解放碑总店),餐饮,宏声巷10号,"106.570648,29.556031"
重庆崽儿火锅(江北总店),餐饮,建新东路金科香江花园车库旁(鲤鱼池地铁站3A口步行360米),"106.554702,29.576998"
郝山城火锅,餐饮,鲤鱼池四村6号,"106.546121,29.577205"
盘丝洞(鎏嘉码头店),餐饮,北滨路鎏嘉码头A区珠江太阳城1期5栋附2号,"106.565346,29.571077"
秀嬢串串香(总店),餐饮,临江门大井南巷6栋1-2,"106.571632,29.559076"
霹雳火·烧烤(一号桥总店),餐饮,华一路15号一层,"106.568009,29.559588"
岗上渣渣老火锅(珠江太阳城店),餐饮,五里店珠江太阳城51号53号(建设银行斜对面),"106.561886,29.571947"
最火老火锅(观音桥总店),餐饮,嘉陵一村151号,"106.532872,29.569731"
阿福板凳面(解放碑店),餐饮,"民生路244号(新华日报旧址前行10米,重庆JW万豪酒店对面)","106.570573,29.557679"
鑫哥鲜货大排挡北滨路店,餐饮,五里店街道北城路74号4层D13、13-1、14、15,"106.563675,29.573093"
老油碟三拖一老火锅(七星岗山城巷店),餐饮,领事巷10号1单元1-1,"106.566293,29.552907"
仪表厂火锅(老店),餐饮,大井巷11号(临江门地铁站出入口步行400米),"106.571285,29.559142"
叶氏口福米线(财信渝中城店),餐饮,中山一路6号附1号(七星岗地铁站1号口步行450米),"106.566369,29.556154"
陈胖子火锅(临江门店),餐饮,解放碑街道民生路210号101、103-1-2,"106.571240,29.557935"
老宋家鱼馆(总店),餐饮,两江新区北滨一路363号1层,"106.536159,29.558650"
十八梯邓凳面(总店),餐饮,潘家沟17号,"106.570399,29.553986"
十八梯邓凳面(总店),餐饮,潘家沟17号,"106.570399,29.553986"
春红火锅(大井巷店),餐饮,大井南巷1-2(临江门地铁站2号口步行210米),"106.572400,29.559517"
小唐面庄(华一路),餐饮,华一路17号一号桥协信公馆上行200米,"106.566556,29.558547"
董妈火锅(临江门总店),餐饮,临江路8号商检大厦平层(临江门地铁站2号口步行290米),"106.572808,29.559872"
胖子火锅(华唐路),餐饮,两江新区江北区华新村220号4-1,"106.533959,29.565869"
甘九妹老火锅(解放碑店),餐饮,解放碑街道民生路365号附1号,"106.568496,29.556162"
红霞火锅(魁星楼总店),餐饮,临江门24号附7号怡景大厦C座平街出入口旁,"106.571389,29.560622"
拾味弘鸡汤爱上牛肉(鎏嘉码头店),餐饮,五简路20号20号3-1-3(珠江太阳城A区后街俏巴渝后门旁),"106.565903,29.571171"
晓彭肥肠鸡(解放碑店),餐饮,临江门西来寺4号1-1(临江门地铁站2号口步行270米),"106.571828,29.558633"
武姐火锅(九街店),餐饮,五里店街道鲤鱼池路四村5号1单元1-1,"106.545806,29.577105"
刘玉兰火锅·老社区(观音桥店),餐饮,野水沟204-207号,"106.537116,29.572360"
吴狄火社区火锅,餐饮,鲤鱼池4村18号,"106.545800,29.577650"
增福老火锅(大井巷店),餐饮,临江门1号4-1(公交车站附近),"106.572483,29.559692"
渝嘴小老弟老火锅(总店),餐饮,两江新区华唐路221号4-1(华新街地铁站2口步行460米),"106.533937,29.565849"
龚大娃豆花面,餐饮,民生路230号附2号,"106.570868,29.557778"
君宴·云端火锅,餐饮,民生路235供销大集保利国际中心F60-61层,"106.570903,29.557060"
国强牛肉(解放碑店),餐饮,临江路108号1-4室(大井巷牌坊坡下20米)唐红英火锅斜侧,"106.572020,29.558726"
唐红英火锅(临江门店),餐饮,临江路106号1-4(大井巷牌坊进去右转),"106.572025,29.558725"
陶四喜火锅(五里店店),餐饮,两江新区五里店黄泥村166号(刘家台地铁站2号口步行480米),"106.561429,29.575727"
万嬢嬢火锅,餐饮,解放碑街道临江门20、22、24号怡景大厦裙楼B座负一层2号,"106.572170,29.560951"
徐鼎盛民间菜(五里店店),餐饮,建新东路249号B座1-1,"106.557027,29.578187"
刘凉粉(桂园路店),餐饮,渝中区公安分局上清寺派出所证件办理处南侧,"106.538641,29.553112"
丽园火锅(观音桥店),餐饮,两江新区江北区建新西路21号,"106.532160,29.570856"
2048香辣虾(七星岗店),餐饮,和平路245号(近七星岗洞子),"106.567263,29.554257"
友谊食店(九街店),餐饮,观音桥街道兴隆路18号附14号,"106.542665,29.579183"
和记山城美蛙鱼府,餐饮,解放碑和平路临街门面34号(消防队旁),"106.571047,29.555010"
熨斗糕老烧饼,餐饮,和平路133号旁边梯坎儿(较场口地铁站5号口步行180米),"106.570317,29.553352"
九号餐馆,餐饮,天主教重庆总教区若瑟堂主教座堂天主堂南门北60米,"106.569982,29.557381"
观音桥好吃街,餐饮,观音桥步行街8号星天广场3楼,"106.533835,29.576440"
巴田火锅,餐饮,金汤街53号(七星岗地铁站1号口步行340米),"106.567317,29.554756"
董嬢嬢火锅(较场口店),餐饮,和平路177号(地铁2号线1号出口),"106.569729,29.553571"
池中吃老火锅(德兴里小区店),餐饮,德兴里4-8(较场口地铁站2号口步行460米),"106.570101,29.555966"
SKYFIN天空之鳍·全江景无国界料理(解放碑店),餐饮,民生路235号海航保利中心58层,"106.570895,29.557057"
李少芬重庆老菜馆(观音桥店),餐饮,塔坪22号附1号,"106.540269,29.575917"
罗二孃火锅(大井巷店),餐饮,大井巷7号3单元1-2号(临江门地铁站2号口步行460米),"106.571030,29.559775"
廖壳子烂蹄花(解放碑店),餐饮,解放碑街道民生路250号,"106.570388,29.557539"
春兰火锅(十八梯店),餐饮,和平路155号(鑫斛大药房正对面),"106.569962,29.553541"
绍友老火锅(总店),餐饮,顺城巷8-1号,"106.572482,29.559999"
可以老火锅,餐饮,临江路西来寺4号西南图书馆大厦1楼,"106.571351,29.558313"
正霞老火锅,餐饮,大井巷公安局幼儿园斜对面10米,"106.572175,29.558914"
二妈老火锅(五里店),餐饮,五里店万丰二村10栋,"106.559186,29.579664"
江二娃串串香(大同路店),餐饮,大同路72号,"106.572195,29.556087"
陈鸭肠老火锅(九街创始店),餐饮,两江新区鲤鱼池三村42号商场HLG04,"106.545372,29.578576"
胖嘟嘟炒菜馆(观音桥店),餐饮,两江新区观音桥建新东路13号凯洋·厚德园,"106.537335,29.575012"
九村烤脑花·两江非遗(九街店),餐饮,两江新区江北区五里店街道洋河东路9号附4号,"106.545964,29.579629"
旧拾光民谣火塘·音乐酒馆(长安·麒麟公馆店),餐饮,洋河东路9-附10号,"106.545897,29.578439"
江渔北土鱼馆(御庭苑店),餐饮,五里店御庭苑6号楼1-2,"106.561825,29.578568"
洋马儿火锅(解放碑步行街店),餐饮,新民街宏声巷9号(较场口幼儿园对面),"106.570795,29.555955"
魁星楼·卷火锅(临江门店),餐饮,临江门1号1层(临江门地铁站2号口步行220米),"106.572429,29.559794"
楚楚火锅,餐饮,民生巷77号,"106.570293,29.558159"
山城大叔老板凳面(解放碑店),餐饮,临江路116号(临江门地铁站出入口步行330米),"106.571569,29.558220"
该歪火锅(北滨路店),餐饮,华新街街道366号附15号2-21至2-27,"106.531358,29.556714"
杰娃爆炒浇头面,餐饮,南纪门街道凉亭子7号,"106.570040,29.552385"
李串串老店(解放碑店),餐饮,宏声巷5号1-3-5(重庆市聋哑学校旁),"106.571236,29.555569"
蛙鱼郎美蛙鱼火锅(民生路店),餐饮,民生路与民生巷交叉口西40米,"106.570257,29.557481"
红状元火锅串串(九街店),餐饮,洋河东路9号附17号,"106.545898,29.578823"
锭子老火锅(观音桥二店),餐饮,两江新区江北区建新东路10号1层(观音桥地铁站6A口步行380米),"106.536072,29.573343"
马队长重庆清真火锅(清真寺店),餐饮,中兴路7号第五层部分,"106.571933,29.552516"
老酉火锅,餐饮,中野路6号(重庆爱尔眼科背后),"106.535497,29.571695"
白崖餐厅,餐饮,仁爱堂80号2层,"106.566387,29.550715"
